id,category,difficulty,question,option_a,option_b,option_c,option_d,correct_option,explanation,image
501,"Bahasa Inggris","mudah","Apa arti kata apple dalam bahasa Indonesia?","Apel","Jeruk","Anggur","Pisang","A","Apple berarti apel dalam bahasa Indonesia.",""
502,"Bahasa Inggris","mudah","Apa arti kata book dalam bahasa Indonesia?","Buku","Meja","Pintu","Tas","A","Book berarti buku dalam bahasa Indonesia.",""
503,"Bahasa Inggris","mudah","Apa arti kata cat dalam bahasa Indonesia?","Kucing","Anjing","Burung","Ikan","A","Cat berarti kucing dalam bahasa Indonesia.",""
504,"Bahasa Inggris","mudah","Apa arti kata dog dalam bahasa Indonesia?","Anjing","Kucing","Kuda","Sapi","A","Dog berarti anjing dalam bahasa Indonesia.",""
505,"Bahasa Inggris","mudah","Apa arti kata school dalam bahasa Indonesia?","Sekolah","Rumah","Pasar","Kantor","A","School berarti sekolah dalam bahasa Indonesia.",""
506,"Bahasa Inggris","mudah","Apa arti kata teacher dalam bahasa Indonesia?","Guru","Murid","Dokter","Petani","A","Teacher berarti guru dalam bahasa Indonesia.",""
507,"Bahasa Inggris","mudah","Apa arti kata student dalam bahasa Indonesia?","Murid","Guru","Kepala sekolah","Penjaga","A","Student berarti murid atau siswa dalam bahasa Indonesia.",""
508,"Bahasa Inggris","mudah","Apa arti kata water dalam bahasa Indonesia?","Air","Api","Tanah","Udara","A","Water berarti air dalam bahasa Indonesia.",""
509,"Bahasa Inggris","mudah","Apa arti kata fire dalam bahasa Indonesia?","Api","Air","Batu","Awan","A","Fire berarti api dalam bahasa Indonesia.",""
510,"Bahasa Inggris","mudah","Apa arti kata house dalam bahasa Indonesia?","Rumah","Sekolah","Kebun","Jalan","A","House berarti rumah dalam bahasa Indonesia.",""
511,"Bahasa Inggris","mudah","Apa arti kata red dalam bahasa Indonesia?","Merah","Biru","Hijau","Kuning","A","Red berarti merah dalam bahasa Indonesia.",""
512,"Bahasa Inggris","mudah","Apa arti kata blue dalam bahasa Indonesia?","Biru","Merah","Putih","Hitam","A","Blue berarti biru dalam bahasa Indonesia.",""
513,"Bahasa Inggris","mudah","Apa arti kata green dalam bahasa Indonesia?","Hijau","Kuning","Cokelat","Ungu","A","Green berarti hijau dalam bahasa Indonesia.",""
514,"Bahasa Inggris","mudah","Apa arti kata white dalam bahasa Indonesia?","Putih","Hitam","Abu-abu","Merah","A","White berarti putih dalam bahasa Indonesia.",""
515,"Bahasa Inggris","mudah","Apa arti kata black dalam bahasa Indonesia?","Hitam","Putih","Biru","Hijau","A","Black berarti hitam dalam bahasa Indonesia.",""
516,"Bahasa Inggris","mudah","Apa arti kata one dalam bahasa Indonesia?","Satu","Dua","Tiga","Empat","A","One berarti satu dalam bahasa Indonesia.",""
517,"Bahasa Inggris","mudah","Apa arti kata two dalam bahasa Indonesia?","Dua","Satu","Tiga","Lima","A","Two berarti dua dalam bahasa Indonesia.",""
518,"Bahasa Inggris","mudah","Apa arti kata three dalam bahasa Indonesia?","Tiga","Empat","Dua","Enam","A","Three berarti tiga dalam bahasa Indonesia.",""
519,"Bahasa Inggris","mudah","Apa arti kata morning dalam bahasa Indonesia?","Pagi","Siang","Sore","Malam","A","Morning berarti pagi dalam bahasa Indonesia.",""
520,"Bahasa Inggris","mudah","Apa arti kata night dalam bahasa Indonesia?","Malam","Pagi","Siang","Sore","A","Night berarti malam dalam bahasa Indonesia.",""
521,"Bahasa Inggris","sedang","Apa bentuk plural dari child?","Children","Childs","Childes","Childrens","A","Bentuk jamak tidak beraturan dari child adalah children.",""
522,"Bahasa Inggris","sedang","Apa bentuk plural dari tooth?","Teeth","Tooths","Toothes","Toothen","A","Bentuk jamak tidak beraturan dari tooth adalah teeth.",""
523,"Bahasa Inggris","sedang","Apa bentuk plural dari foot?","Feet","Foots","Footes","Feets","A","Bentuk jamak tidak beraturan dari foot adalah feet.",""
524,"Bahasa Inggris","sedang","Apa bentuk past tense dari go?","Went","Goed","Gone","Going","A","Past tense dari go adalah went.",""
525,"Bahasa Inggris","sedang","Apa bentuk past tense dari eat?","Ate","Eated","Eaten","Eating","A","Past tense dari eat adalah ate.",""
526,"Bahasa Inggris","sedang","Apa bentuk past tense dari see?","Saw","Seed","Seen","Seeing","A","Past tense dari see adalah saw.",""
527,"Bahasa Inggris","sedang","Apa bentuk past tense dari write?","Wrote","Written","Writed","Writing","A","Past tense dari write adalah wrote.",""
528,"Bahasa Inggris","sedang","Apa bentuk past tense dari buy?","Bought","Buyed","Buying","Buys","A","Past tense dari buy adalah bought.",""
529,"Bahasa Inggris","sedang","Kalimat I am a student berarti apa?","Saya adalah seorang siswa","Saya adalah seorang guru","Saya sedang makan","Saya punya buku","A","I am a student berarti saya adalah seorang siswa.",""
530,"Bahasa Inggris","sedang","Kalimat She likes music berarti apa?","Dia perempuan menyukai musik","Dia laki-laki menyukai musik","Mereka menyukai musik","Kami bermain musik","A","She merujuk pada dia perempuan, sehingga kalimat itu berarti dia perempuan menyukai musik.",""
531,"Bahasa Inggris","sedang","Kata kerja bantu yang tepat untuk subjek he pada simple present adalah apa?","Does","Do","Did","Done","A","Dalam simple present, subjek he menggunakan does untuk pertanyaan atau penekanan.",""
532,"Bahasa Inggris","sedang","Kata kerja bantu yang tepat untuk subjek they pada simple present adalah apa?","Do","Does","Did","Done","A","Dalam simple present, subjek they menggunakan do.",""
533,"Bahasa Inggris","sedang","Apa arti kata because?","Karena","Tetapi","Dan","Atau","A","Because berarti karena.",""
534,"Bahasa Inggris","sedang","Apa arti kata although?","Meskipun","Karena","Sebelum","Sesudah","A","Although berarti meskipun.",""
535,"Bahasa Inggris","sedang","Apa arti kata before?","Sebelum","Sesudah","Selama","Karena","A","Before berarti sebelum.",""
536,"Bahasa Inggris","sedang","Apa arti kata after?","Sesudah","Sebelum","Meskipun","Di antara","A","After berarti sesudah.",""
537,"Bahasa Inggris","sedang","Apa arti kata between?","Di antara dua hal","Di atas","Di bawah","Di samping kanan","A","Between berarti di antara dua hal atau pihak.",""
538,"Bahasa Inggris","sedang","Apa arti kata under?","Di bawah","Di atas","Di dalam","Di luar","A","Under berarti di bawah.",""
539,"Bahasa Inggris","sedang","Apa arti kata behind?","Di belakang","Di depan","Di atas","Di dalam","A","Behind berarti di belakang.",""
540,"Bahasa Inggris","sedang","Apa arti kata in front of?","Di depan","Di belakang","Di bawah","Di antara","A","In front of berarti di depan.",""
541,"Bahasa Inggris","sulit","Kalimat We have finished our homework memakai tense apa?","Present perfect","Simple present","Simple past","Future tense","A","Have finished menunjukkan present perfect tense.",""
542,"Bahasa Inggris","sulit","Kalimat They are studying now memakai tense apa?","Present continuous","Simple past","Present perfect","Future perfect","A","Are studying menunjukkan present continuous tense.",""
543,"Bahasa Inggris","sulit","Kalimat I will visit my grandmother tomorrow memakai tense apa?","Simple future","Simple past","Present perfect","Past continuous","A","Will visit menunjukkan simple future tense.",""
544,"Bahasa Inggris","sulit","Kalimat She was reading when I arrived memakai tense apa pada bagian was reading?","Past continuous","Simple present","Future tense","Present perfect","A","Was reading menunjukkan past continuous tense.",""
545,"Bahasa Inggris","sulit","Apa arti idiom a piece of cake?","Sangat mudah","Sangat mahal","Sangat jauh","Sangat lambat","A","A piece of cake adalah idiom yang berarti sesuatu sangat mudah.",""
546,"Bahasa Inggris","sulit","Apa arti idiom break the ice?","Mencairkan suasana","Memecahkan es sungguhan","Mengakhiri rapat","Membuat masalah","A","Break the ice berarti mencairkan suasana agar orang lebih nyaman.",""
547,"Bahasa Inggris","sulit","Apa arti idiom once in a blue moon?","Sangat jarang","Setiap hari","Sangat cepat","Terlalu dekat","A","Once in a blue moon berarti sangat jarang terjadi.",""
548,"Bahasa Inggris","sulit","Apa arti kata reliable?","Dapat dipercaya","Mudah rusak","Sangat jauh","Tidak terlihat","A","Reliable berarti dapat dipercaya atau dapat diandalkan.",""
549,"Bahasa Inggris","sulit","Apa arti kata improve?","Meningkatkan","Menghapus","Menunda","Menyalin","A","Improve berarti meningkatkan atau memperbaiki.",""
550,"Bahasa Inggris","sulit","Apa arti kata opportunity?","Kesempatan","Kesalahan","Kewajiban","Larangan","A","Opportunity berarti kesempatan.",""
551,"Biologi","mudah","Unit terkecil penyusun makhluk hidup disebut apa?","Sel","Organ","Jaringan","Sistem organ","A","Sel adalah unit terkecil penyusun makhluk hidup.",""
552,"Biologi","mudah","Kumpulan sel yang memiliki bentuk dan fungsi sama disebut apa?","Jaringan","Organ","Individu","Populasi","A","Jaringan adalah kumpulan sel yang memiliki fungsi serupa.",""
553,"Biologi","mudah","Kumpulan jaringan yang bekerja sama menjalankan fungsi tertentu disebut apa?","Organ","Sel","Populasi","Ekosistem","A","Organ tersusun dari beberapa jaringan yang bekerja sama.",""
554,"Biologi","mudah","Organ utama pernapasan manusia adalah apa?","Paru-paru","Jantung","Lambung","Ginjal","A","Paru-paru adalah organ utama sistem pernapasan manusia.",""
555,"Biologi","mudah","Organ yang memompa darah adalah apa?","Jantung","Otak","Hati","Usus","A","Jantung memompa darah ke seluruh tubuh.",""
556,"Biologi","mudah","Organ pencernaan tempat makanan dikunyah adalah apa?","Mulut","Lambung","Usus halus","Kerongkongan","A","Pencernaan dimulai di mulut melalui proses mengunyah dan bantuan air liur.",""
557,"Biologi","mudah","Organ yang menyerap sari-sari makanan paling banyak adalah apa?","Usus halus","Lambung","Mulut","Kerongkongan","A","Usus halus berperan besar dalam penyerapan sari-sari makanan.",""
558,"Biologi","mudah","Organ yang menyaring darah dan menghasilkan urine adalah apa?","Ginjal","Paru-paru","Lambung","Jantung","A","Ginjal menyaring darah dan menghasilkan urine.",""
559,"Biologi","mudah","Bagian darah yang berfungsi mengangkut oksigen adalah apa?","Sel darah merah","Sel darah putih","Trombosit","Plasma saja","A","Sel darah merah mengandung hemoglobin untuk mengangkut oksigen.",""
560,"Biologi","mudah","Bagian darah yang membantu melawan kuman adalah apa?","Sel darah putih","Sel darah merah","Trombosit","Air liur","A","Sel darah putih membantu sistem kekebalan tubuh melawan kuman.",""
561,"Biologi","mudah","Bagian darah yang membantu pembekuan darah adalah apa?","Trombosit","Sel darah merah","Sel darah putih","Hemoglobin","A","Trombosit membantu proses pembekuan darah saat terjadi luka.",""
562,"Biologi","mudah","Cairan merah yang mengalir dalam pembuluh tubuh disebut apa?","Darah","Getah bening","Air liur","Empedu","A","Darah mengalir dalam pembuluh darah dan membawa berbagai zat penting.",""
563,"Biologi","mudah","Proses bernapas memasukkan udara disebut apa?","Inspirasi","Ekspirasi","Pencernaan","Ekskresi","A","Inspirasi adalah proses menghirup udara ke dalam paru-paru.",""
564,"Biologi","mudah","Proses bernapas mengeluarkan udara disebut apa?","Ekspirasi","Inspirasi","Absorpsi","Fotosintesis","A","Ekspirasi adalah proses mengeluarkan udara dari paru-paru.",""
565,"Biologi","mudah","Zat makanan yang menjadi sumber energi utama adalah apa?","Karbohidrat","Vitamin","Mineral","Air","A","Karbohidrat merupakan sumber energi utama bagi tubuh.",""
566,"Biologi","sedang","Zat makanan yang membantu pertumbuhan dan perbaikan jaringan tubuh adalah apa?","Protein","Karbohidrat","Air","Serat","A","Protein penting untuk pertumbuhan dan perbaikan jaringan tubuh.",""
567,"Biologi","sedang","Vitamin yang banyak dibutuhkan untuk kesehatan mata adalah apa?","Vitamin A","Vitamin C","Vitamin D","Vitamin K","A","Vitamin A berperan penting dalam menjaga kesehatan mata.",""
568,"Biologi","sedang","Vitamin yang membantu daya tahan tubuh dan banyak terdapat pada buah jeruk adalah apa?","Vitamin C","Vitamin A","Vitamin D","Vitamin B12","A","Vitamin C membantu daya tahan tubuh dan banyak terdapat pada buah jeruk.",""
569,"Biologi","sedang","Mineral yang penting untuk tulang dan gigi adalah apa?","Kalsium","Besi","Iodium","Natrium","A","Kalsium penting untuk pembentukan tulang dan gigi.",""
570,"Biologi","sedang","Tumbuhan membuat makanan melalui proses apa?","Fotosintesis","Fermentasi","Respirasi","Pembekuan","A","Fotosintesis adalah proses tumbuhan membuat makanan dengan bantuan cahaya.",""
571,"Biologi","sedang","Tumbuhan menyerap air terutama melalui bagian apa?","Akar","Bunga","Buah","Daun","A","Akar menyerap air dan mineral dari tanah.",""
572,"Biologi","sedang","Bagian tumbuhan yang berfungsi sebagai tempat fotosintesis utama adalah apa?","Daun","Akar","Bunga","Biji","A","Daun mengandung klorofil yang membantu fotosintesis.",""
573,"Biologi","sedang","Bagian bunga yang menghasilkan serbuk sari disebut apa?","Benang sari","Putik","Mahkota","Kelopak","A","Benang sari adalah alat kelamin jantan pada bunga yang menghasilkan serbuk sari.",""
574,"Biologi","sedang","Bagian bunga yang menjadi alat kelamin betina disebut apa?","Putik","Benang sari","Kelopak","Tangkai","A","Putik adalah alat kelamin betina pada bunga.",""
575,"Biologi","sedang","Hewan yang bertelur disebut apa?","Ovipar","Vivipar","Omnivora","Mamalia saja","A","Ovipar adalah hewan yang berkembang biak dengan bertelur.",""
576,"Biologi","sedang","Hewan yang melahirkan disebut apa?","Vivipar","Ovipar","Ovovivipar","Herbivora","A","Vivipar adalah hewan yang berkembang biak dengan melahirkan.",""
577,"Biologi","sedang","Hewan yang bertelur dan melahirkan disebut apa?","Ovovivipar","Ovipar","Vivipar","Karnivora","A","Ovovivipar adalah perkembangbiakan dengan telur yang menetas di dalam tubuh induk.",""
578,"Biologi","sedang","Metamorfosis kupu-kupu dimulai dari tahap apa?","Telur","Ulat dewasa","Kepompong","Kupu-kupu dewasa","A","Siklus hidup kupu-kupu dimulai dari telur.",""
579,"Biologi","sedang","Tahap setelah ulat pada metamorfosis kupu-kupu adalah apa?","Kepompong","Telur","Kupu-kupu","Nimfa","A","Setelah menjadi ulat, kupu-kupu masuk tahap kepompong.",""
580,"Biologi","sedang","Metamorfosis belalang termasuk jenis apa?","Tidak sempurna","Sempurna","Buatan","Tanpa perubahan","A","Belalang mengalami metamorfosis tidak sempurna karena tidak melalui tahap pupa.",""
581,"Biologi","sulit","Pewarisan sifat dari induk kepada keturunan dipelajari dalam cabang apa?","Genetika","Ekologi","Anatomi","Geologi","A","Genetika mempelajari pewarisan sifat pada makhluk hidup.",""
582,"Biologi","sulit","Materi genetik yang membawa informasi keturunan disebut apa?","DNA","ATP","H2O","CO2","A","DNA menyimpan informasi genetik makhluk hidup.",""
583,"Biologi","sulit","Proses pembelahan sel untuk pertumbuhan disebut apa?","Mitosis","Meiosis","Fotosintesis","Fermentasi","A","Mitosis menghasilkan sel baru untuk pertumbuhan dan perbaikan jaringan.",""
584,"Biologi","sulit","Pembelahan sel yang menghasilkan sel kelamin disebut apa?","Meiosis","Mitosis","Respirasi","Osmosis","A","Meiosis menghasilkan sel kelamin dengan jumlah kromosom setengah.",""
585,"Biologi","sulit","Perpindahan air melalui membran semipermeabel disebut apa?","Osmosis","Difusi","Evaporasi","Kondensasi","A","Osmosis adalah perpindahan air melalui membran semipermeabel.",""
586,"Biologi","sulit","Perpindahan zat dari konsentrasi tinggi ke rendah disebut apa?","Difusi","Osmosis","Transpirasi","Presipitasi","A","Difusi adalah perpindahan zat dari konsentrasi tinggi ke konsentrasi rendah.",""
587,"Biologi","sulit","Penguapan air dari permukaan daun disebut apa?","Transpirasi","Evaporasi","Kondensasi","Presipitasi","A","Transpirasi adalah penguapan air dari permukaan tumbuhan, terutama daun.",""
588,"Biologi","sulit","Hubungan dua makhluk hidup yang saling menguntungkan disebut apa?","Mutualisme","Parasitisme","Komensalisme","Predasi","A","Mutualisme adalah simbiosis yang menguntungkan kedua pihak.",""
589,"Biologi","sulit","Hubungan makhluk hidup ketika satu untung dan satu rugi disebut apa?","Parasitisme","Mutualisme","Komensalisme","Netralisme","A","Parasitisme menguntungkan satu pihak dan merugikan pihak lain.",""
590,"Biologi","sulit","Hubungan ketika satu pihak untung dan pihak lain tidak dirugikan disebut apa?","Komensalisme","Parasitisme","Mutualisme","Predasi","A","Komensalisme menguntungkan satu pihak tanpa merugikan pihak lain.",""
591,"Biologi","sulit","Ilmu yang mempelajari hubungan makhluk hidup dengan lingkungannya disebut apa?","Ekologi","Genetika","Astronomi","Kimia","A","Ekologi mempelajari interaksi makhluk hidup dan lingkungannya.",""
592,"Biologi","sulit","Makhluk hidup yang memakan produsen secara langsung disebut konsumen tingkat berapa?","Konsumen tingkat I","Konsumen tingkat II","Konsumen tingkat III","Pengurai","A","Konsumen tingkat I memakan produsen seperti tumbuhan.",""
593,"Biologi","sulit","Kloroplas pada sel tumbuhan berfungsi untuk apa?","Tempat fotosintesis","Mengatur gerak otot","Mencerna makanan","Mengangkut darah","A","Kloroplas mengandung klorofil dan menjadi tempat fotosintesis.",""
594,"Biologi","sulit","Dinding sel pada tumbuhan banyak tersusun dari apa?","Selulosa","Protein hewani","Lemak jenuh","Hemoglobin","A","Dinding sel tumbuhan tersusun terutama dari selulosa.",""
595,"Biologi","sulit","Bagian sel yang mengatur aktivitas sel adalah apa?","Inti sel","Dinding sel","Vakuola","Kloroplas","A","Inti sel atau nukleus mengatur aktivitas sel dan menyimpan materi genetik.",""
596,"Biologi","sulit","Mitokondria sering disebut sebagai apa?","Pembangkit energi sel","Pelindung luar tubuh","Tempat menyimpan air saja","Alat gerak sel saja","A","Mitokondria menghasilkan energi melalui respirasi sel.",""
597,"Biologi","sulit","Cairan di dalam sel tempat organel berada disebut apa?","Sitoplasma","Plasma darah","Klorofil","Empedu","A","Sitoplasma adalah cairan sel tempat organel berada.",""
598,"Biologi","sulit","Organisme bersel satu disebut apa?","Uniseluler","Multiseluler","Vertebrata","Mamalia","A","Uniseluler berarti tersusun dari satu sel.",""
599,"Biologi","sulit","Organisme bersel banyak disebut apa?","Multiseluler","Uniseluler","Prokariot saja","Virus saja","A","Multiseluler berarti tersusun dari banyak sel.",""
600,"Biologi","sulit","Hewan bertulang belakang disebut apa?","Vertebrata","Invertebrata","Protozoa","Alga","A","Vertebrata adalah hewan yang memiliki tulang belakang.",""
601,"Ekonomi","mudah","Kegiatan menghasilkan barang atau jasa disebut apa?","Produksi","Konsumsi","Distribusi","Promosi","A","Produksi adalah kegiatan menghasilkan barang atau jasa.",""
602,"Ekonomi","mudah","Kegiatan menggunakan barang atau jasa disebut apa?","Konsumsi","Produksi","Distribusi","Investasi","A","Konsumsi adalah kegiatan menggunakan barang atau jasa untuk memenuhi kebutuhan.",""
603,"Ekonomi","mudah","Kegiatan menyalurkan barang dari produsen ke konsumen disebut apa?","Distribusi","Produksi","Konsumsi","Tabungan","A","Distribusi menyalurkan barang atau jasa dari produsen ke konsumen.",""
604,"Ekonomi","mudah","Orang yang menghasilkan barang atau jasa disebut apa?","Produsen","Konsumen","Distributor","Pembeli akhir","A","Produsen adalah pihak yang membuat atau menyediakan barang dan jasa.",""
605,"Ekonomi","mudah","Orang yang menggunakan barang atau jasa disebut apa?","Konsumen","Produsen","Distributor","Pemasok","A","Konsumen adalah pihak yang menggunakan barang atau jasa.",""
606,"Ekonomi","mudah","Tempat bertemunya penjual dan pembeli disebut apa?","Pasar","Gudang","Pabrik","Bank","A","Pasar adalah tempat atau mekanisme bertemunya penjual dan pembeli.",""
607,"Ekonomi","mudah","Alat pembayaran resmi suatu negara disebut apa?","Uang","Barang","Kupon","Kartu nama","A","Uang adalah alat pembayaran yang diterima secara umum.",""
608,"Ekonomi","mudah","Menyisihkan sebagian uang untuk masa depan disebut apa?","Menabung","Berutang","Berbelanja","Membuang","A","Menabung berarti menyimpan sebagian uang untuk kebutuhan mendatang.",""
609,"Ekonomi","mudah","Kebutuhan yang harus dipenuhi untuk bertahan hidup disebut apa?","Kebutuhan primer","Kebutuhan tersier","Keinginan mewah","Hobi","A","Kebutuhan primer adalah kebutuhan dasar seperti makanan, pakaian, dan tempat tinggal.",""
610,"Ekonomi","mudah","Contoh kebutuhan primer adalah apa?","Makanan","Perhiasan mahal","Mobil sport","Liburan mewah","A","Makanan termasuk kebutuhan primer karena diperlukan untuk hidup.",""
611,"Ekonomi","mudah","Kebutuhan setelah primer yang menunjang hidup disebut apa?","Kebutuhan sekunder","Kebutuhan primer","Kebutuhan tersier","Kebutuhan palsu","A","Kebutuhan sekunder menunjang kenyamanan setelah kebutuhan primer terpenuhi.",""
612,"Ekonomi","mudah","Kebutuhan mewah disebut juga apa?","Kebutuhan tersier","Kebutuhan primer","Kebutuhan pokok","Kebutuhan wajib","A","Kebutuhan tersier adalah kebutuhan yang bersifat mewah.",""
613,"Ekonomi","mudah","Uang kertas dan uang logam disebut uang apa?","Uang kartal","Uang giral","Uang elektronik","Uang asing","A","Uang kartal adalah uang yang berwujud fisik seperti kertas dan logam.",""
614,"Ekonomi","mudah","Uang yang tersimpan di rekening dan digunakan lewat cek atau transfer disebut apa?","Uang giral","Uang kartal","Uang mainan","Uang rusak","A","Uang giral berada dalam rekening dan dapat dipakai melalui instrumen pembayaran.",""
615,"Ekonomi","mudah","Kegiatan menawarkan produk agar dikenal disebut apa?","Promosi","Produksi","Konsumsi","Depresiasi","A","Promosi dilakukan untuk mengenalkan dan menarik minat pembeli.",""
616,"Ekonomi","sedang","Permintaan adalah jumlah barang yang ingin dibeli pada tingkat apa?","Harga tertentu","Warna tertentu saja","Ukuran ruangan","Jumlah pegawai","A","Permintaan menunjukkan jumlah barang yang ingin dan mampu dibeli pada harga tertentu.",""
617,"Ekonomi","sedang","Penawaran adalah jumlah barang yang ingin dijual pada tingkat apa?","Harga tertentu","Cuaca tertentu saja","Warna tertentu","Ukuran meja","A","Penawaran menunjukkan jumlah barang yang ingin dijual pada harga tertentu.",""
618,"Ekonomi","sedang","Jika harga naik dan faktor lain tetap, permintaan biasanya bagaimana?","Menurun","Naik terus","Tidak mungkin berubah","Menjadi nol selalu","A","Menurut hukum permintaan, harga naik cenderung membuat jumlah yang diminta menurun.",""
619,"Ekonomi","sedang","Jika harga naik dan faktor lain tetap, penawaran biasanya bagaimana?","Meningkat","Menurun selalu","Hilang","Tetap nol","A","Menurut hukum penawaran, harga naik cenderung membuat jumlah yang ditawarkan meningkat.",""
620,"Ekonomi","sedang","Harga saat jumlah permintaan dan penawaran seimbang disebut apa?","Harga keseimbangan","Harga rugi","Harga paksaan","Harga rahasia","A","Harga keseimbangan terjadi ketika permintaan dan penawaran bertemu.",""
621,"Ekonomi","sedang","Selisih antara pendapatan dan biaya jika positif disebut apa?","Laba","Rugi","Utang","Pajak","A","Laba terjadi ketika pendapatan lebih besar daripada biaya.",""
622,"Ekonomi","sedang","Kondisi ketika biaya lebih besar daripada pendapatan disebut apa?","Rugi","Laba","Modal","Diskon","A","Rugi terjadi ketika biaya melebihi pendapatan.",""
623,"Ekonomi","sedang","Dana awal untuk menjalankan usaha disebut apa?","Modal","Laba","Rugi","Promosi","A","Modal adalah dana atau sumber daya awal untuk memulai usaha.",""
624,"Ekonomi","sedang","Potongan harga disebut apa?","Diskon","Inflasi","Modal","Pajak","A","Diskon adalah pengurangan harga dari harga awal.",""
625,"Ekonomi","sedang","Kenaikan harga barang secara umum dan terus-menerus disebut apa?","Inflasi","Deflasi","Diskon","Laba","A","Inflasi adalah kenaikan harga secara umum dan berkelanjutan.",""
626,"Ekonomi","sedang","Penurunan harga barang secara umum disebut apa?","Deflasi","Inflasi","Investasi","Produksi","A","Deflasi adalah penurunan harga barang secara umum.",""
627,"Ekonomi","sedang","Pungutan wajib dari rakyat kepada negara disebut apa?","Pajak","Laba","Utang","Diskon","A","Pajak adalah kontribusi wajib untuk membiayai kebutuhan negara.",""
628,"Ekonomi","sedang","Pihak yang meminjam uang disebut apa?","Debitur","Kreditur","Produsen","Distributor","A","Debitur adalah pihak yang menerima pinjaman atau berutang.",""
629,"Ekonomi","sedang","Pihak yang memberi pinjaman disebut apa?","Kreditur","Debitur","Konsumen","Pembeli","A","Kreditur adalah pihak yang memberikan pinjaman.",""
630,"Ekonomi","sedang","Kegiatan menanamkan modal untuk memperoleh hasil di masa depan disebut apa?","Investasi","Konsumsi","Distribusi","Pemborosan","A","Investasi adalah penanaman modal untuk manfaat atau keuntungan masa depan.",""
631,"Ekonomi","sulit","Biaya yang tidak berubah meski jumlah produksi berubah dalam jangka pendek disebut apa?","Biaya tetap","Biaya variabel","Laba kotor","Harga pasar","A","Biaya tetap tidak langsung berubah mengikuti jumlah produksi dalam jangka pendek.",""
632,"Ekonomi","sulit","Biaya yang berubah mengikuti jumlah produksi disebut apa?","Biaya variabel","Biaya tetap","Pajak tetap","Modal awal","A","Biaya variabel berubah sesuai banyaknya barang yang diproduksi.",""
633,"Ekonomi","sulit","Pendapatan dikurangi harga pokok penjualan disebut apa?","Laba kotor","Laba bersih","Utang usaha","Modal kerja","A","Laba kotor diperoleh dari penjualan dikurangi harga pokok penjualan.",""
634,"Ekonomi","sulit","Laba setelah dikurangi semua biaya disebut apa?","Laba bersih","Laba kotor","Omzet","Modal awal","A","Laba bersih adalah keuntungan setelah seluruh biaya diperhitungkan.",""
635,"Ekonomi","sulit","Total nilai penjualan sebelum dikurangi biaya disebut apa?","Omzet","Laba bersih","Rugi bersih","Pajak final","A","Omzet adalah total penjualan atau pendapatan kotor usaha.",""
636,"Ekonomi","sulit","Aset adalah apa?","Sumber daya bernilai milik seseorang atau perusahaan","Kewajiban membayar saja","Kerugian usaha","Potongan harga","A","Aset adalah sumber daya bernilai yang dimiliki dan dapat memberi manfaat ekonomi.",""
637,"Ekonomi","sulit","Liabilitas adalah apa?","Kewajiban atau utang","Harta bersih","Diskon pelanggan","Pendapatan tunai","A","Liabilitas adalah kewajiban yang harus dibayar atau diselesaikan.",""
638,"Ekonomi","sulit","Ekuitas secara sederhana berarti apa?","Hak pemilik atas aset setelah dikurangi kewajiban","Total utang tanpa aset","Harga jual produk","Biaya promosi","A","Ekuitas adalah nilai hak pemilik setelah aset dikurangi liabilitas.",""
639,"Ekonomi","sulit","Prinsip ekonomi berarti berusaha mencapai hasil tertentu dengan apa?","Pengorbanan sekecil mungkin","Biaya sebesar mungkin","Waktu terlama","Sumber daya tanpa batas","A","Prinsip ekonomi menekankan efisiensi dalam menggunakan sumber daya.",""
640,"Ekonomi","sulit","Kelangkaan dalam ekonomi terjadi karena apa?","Kebutuhan tidak terbatas sedangkan sumber daya terbatas","Semua barang gratis","Tidak ada kebutuhan","Semua orang kaya","A","Kelangkaan muncul karena sumber daya terbatas sementara kebutuhan manusia beragam dan terus bertambah.",""
641,"Ekonomi","sulit","Biaya peluang adalah apa?","Nilai pilihan terbaik yang dikorbankan","Semua biaya yang dibayar tunai","Harga barang termurah","Diskon terbesar","A","Biaya peluang adalah nilai alternatif terbaik yang ditinggalkan saat memilih sesuatu.",""
642,"Ekonomi","sulit","Ekspor berarti apa?","Menjual barang ke luar negeri","Membeli barang dari luar negeri","Menyimpan barang di gudang","Membayar pajak lokal","A","Ekspor adalah kegiatan menjual barang atau jasa ke luar negeri.",""
643,"Ekonomi","sulit","Impor berarti apa?","Membeli barang dari luar negeri","Menjual barang ke luar negeri","Menukar barang rusak","Menyumbang barang","A","Impor adalah kegiatan membeli barang atau jasa dari luar negeri.",""
644,"Ekonomi","sulit","Surplus perdagangan terjadi ketika apa?","Ekspor lebih besar daripada impor","Impor lebih besar daripada ekspor","Tidak ada transaksi","Harga selalu turun","A","Surplus perdagangan terjadi ketika nilai ekspor melebihi nilai impor.",""
645,"Ekonomi","sulit","Defisit perdagangan terjadi ketika apa?","Impor lebih besar daripada ekspor","Ekspor lebih besar daripada impor","Semua barang diproduksi lokal","Tidak ada permintaan","A","Defisit perdagangan terjadi ketika nilai impor melebihi ekspor.",""
646,"Ekonomi","sulit","Koperasi berasaskan apa?","Kekeluargaan","Persaingan bebas mutlak","Monopoli pribadi","Keuntungan satu orang","A","Koperasi Indonesia berasaskan kekeluargaan.",""
647,"Ekonomi","sulit","Slogan koperasi yang terkenal adalah apa?","Dari anggota, oleh anggota, untuk anggota","Dari pasar untuk pabrik","Dari bank untuk negara","Dari penjual untuk pembeli saja","A","Koperasi dijalankan oleh anggota dan ditujukan untuk kesejahteraan anggota.",""
648,"Ekonomi","sulit","Pasar monopoli memiliki ciri utama apa?","Satu penjual menguasai pasar","Banyak penjual kecil sama kuat","Tidak ada penjual","Semua barang gratis","A","Monopoli terjadi ketika satu penjual menguasai pasar barang atau jasa tertentu.",""
649,"Ekonomi","sulit","Pasar persaingan sempurna memiliki banyak apa?","Penjual dan pembeli","Pemerintah saja","Satu pedagang","Satu pembeli","A","Pasar persaingan sempurna ditandai banyak penjual dan pembeli dengan barang relatif seragam.",""
650,"Ekonomi","sulit","Kegiatan wirausaha menuntut sikap apa?","Kreatif dan berani mengambil risiko terukur","Selalu menunggu bantuan","Menghindari inovasi","Menolak pelanggan","A","Wirausaha membutuhkan kreativitas, ketekunan, dan keberanian mengambil risiko yang diperhitungkan.",""
651,"Lingkungan","mudah","Sampah organik berasal dari bahan apa?","Sisa makhluk hidup","Logam murni","Kaca saja","Plastik sintetis","A","Sampah organik berasal dari sisa makhluk hidup dan mudah membusuk.",""
652,"Lingkungan","mudah","Contoh sampah organik adalah apa?","Sisa sayur","Botol plastik","Kaleng minuman","Kaca pecah","A","Sisa sayur termasuk sampah organik karena berasal dari tumbuhan.",""
653,"Lingkungan","mudah","Contoh sampah anorganik adalah apa?","Botol plastik","Daun kering","Kulit pisang","Sisa nasi","A","Botol plastik termasuk sampah anorganik karena sulit terurai secara alami.",""
654,"Lingkungan","mudah","Kegiatan menanam pohon kembali disebut apa?","Reboisasi","Erosi","Polusi","Evaporasi","A","Reboisasi adalah penanaman kembali hutan atau lahan yang gundul.",""
655,"Lingkungan","mudah","Pencemaran udara disebut juga apa?","Polusi udara","Erosi tanah","Abrasi pantai","Konservasi","A","Polusi udara adalah pencemaran pada udara.",""
656,"Lingkungan","mudah","Air yang tercemar sebaiknya tidak digunakan untuk apa?","Diminum langsung","Membersihkan lantai luar","Menyiram tanaman tertentu","Mencuci ban","A","Air tercemar tidak aman diminum langsung karena dapat mengandung zat berbahaya.",""
657,"Lingkungan","mudah","Menghemat air berarti menggunakan air secara apa?","Bijak","Berlebihan","Sia-sia","Sembrono","A","Menghemat air berarti memakai air seperlunya dan tidak membuang-buangnya.",""
658,"Lingkungan","mudah","Mematikan lampu saat tidak dipakai adalah contoh apa?","Hemat energi","Pemborosan air","Pencemaran suara","Erosi","A","Mematikan lampu yang tidak diperlukan membantu menghemat energi listrik.",""
659,"Lingkungan","mudah","Kegiatan memilah sampah membantu proses apa?","Daur ulang","Pembakaran liar","Pembuangan sembarang","Pencemaran","A","Memilah sampah memudahkan barang yang masih berguna untuk didaur ulang.",""
660,"Lingkungan","mudah","Daur ulang berarti apa?","Mengolah kembali barang bekas menjadi berguna","Membuang sampah ke sungai","Membakar semua plastik","Menimbun makanan","A","Daur ulang mengubah barang bekas menjadi bahan atau produk yang dapat dipakai kembali.",""
661,"Lingkungan","mudah","Sungai sebaiknya dijaga dari apa?","Sampah dan limbah","Pohon di tepi sungai","Ikan lokal","Air bersih","A","Sampah dan limbah dapat mencemari sungai dan mengganggu makhluk hidup.",""
662,"Lingkungan","mudah","Hutan berfungsi sebagai tempat hidup banyak apa?","Makhluk hidup","Kendaraan","Mesin pabrik","Peralatan elektronik","A","Hutan menjadi habitat bagi banyak tumbuhan dan hewan.",""
663,"Lingkungan","mudah","Pohon membantu menghasilkan gas apa?","Oksigen","Karbon monoksida","Metana","Asap","A","Melalui fotosintesis, tumbuhan menghasilkan oksigen.",""
664,"Lingkungan","mudah","Asap kendaraan dapat menyebabkan pencemaran apa?","Udara","Tanah saja","Air laut saja","Cahaya","A","Asap kendaraan mengandung polutan yang mencemari udara.",""
665,"Lingkungan","mudah","Membuang sampah ke sungai dapat menyebabkan apa?","Banjir dan pencemaran","Udara makin bersih","Tanah makin subur selalu","Hutan bertambah","A","Sampah di sungai dapat menyumbat aliran air dan mencemari lingkungan.",""
666,"Lingkungan","sedang","Prinsip 3R dalam pengelolaan sampah adalah apa?","Reduce, reuse, recycle","Read, run, rest","Rise, reach, roll","Rent, repair, remove","A","3R berarti mengurangi, menggunakan kembali, dan mendaur ulang.",""
667,"Lingkungan","sedang","Reduce berarti apa?","Mengurangi penggunaan","Menggunakan kembali","Mendaur ulang","Membakar sampah","A","Reduce berarti mengurangi penggunaan barang yang berpotensi menjadi sampah.",""
668,"Lingkungan","sedang","Reuse berarti apa?","Menggunakan kembali","Mengurangi","Mengubur","Membuang","A","Reuse berarti menggunakan kembali barang yang masih layak pakai.",""
669,"Lingkungan","sedang","Recycle berarti apa?","Mendaur ulang","Membuang ke laut","Membakar","Mengubur tanpa pemilahan","A","Recycle berarti mengolah kembali sampah menjadi bahan atau produk berguna.",""
670,"Lingkungan","sedang","Kompos biasanya dibuat dari sampah apa?","Organik","Plastik keras","Kaca","Logam","A","Kompos dibuat dari sampah organik seperti daun dan sisa sayur.",""
671,"Lingkungan","sedang","Pemanasan global terutama berkaitan dengan peningkatan gas apa?","Gas rumah kaca","Gas helium","Gas neon","Gas argon saja","A","Pemanasan global berkaitan dengan meningkatnya gas rumah kaca di atmosfer.",""
672,"Lingkungan","sedang","Gas rumah kaca yang banyak dibahas dari pembakaran bahan bakar fosil adalah apa?","Karbon dioksida","Oksigen","Nitrogen murni","Uap garam","A","Pembakaran bahan bakar fosil menghasilkan karbon dioksida yang termasuk gas rumah kaca.",""
673,"Lingkungan","sedang","Energi matahari termasuk sumber energi apa?","Terbarukan","Fosil","Sekali pakai","Radioaktif saja","A","Energi matahari termasuk energi terbarukan karena tersedia terus dari alam.",""
674,"Lingkungan","sedang","Energi angin termasuk sumber energi apa?","Terbarukan","Fosil","Tidak alami","Sekali pakai","A","Energi angin dapat dimanfaatkan terus sehingga termasuk energi terbarukan.",""
675,"Lingkungan","sedang","Batu bara termasuk sumber energi apa?","Fosil","Terbarukan","Matahari","Biologis cepat","A","Batu bara terbentuk dari proses sangat lama sehingga termasuk energi fosil.",""
676,"Lingkungan","sedang","Minyak bumi termasuk sumber energi apa?","Fosil","Terbarukan","Air hujan","Angin","A","Minyak bumi berasal dari sisa organisme purba dan termasuk energi fosil.",""
677,"Lingkungan","sedang","Kawasan untuk melindungi tumbuhan dan hewan disebut apa?","Cagar alam","Pasar malam","Terminal","Gudang industri","A","Cagar alam melindungi keanekaragaman tumbuhan, hewan, dan ekosistem.",""
678,"Lingkungan","sedang","Perlindungan hewan langka penting untuk menjaga apa?","Keanekaragaman hayati","Harga barang","Jumlah kendaraan","Luas gedung","A","Melindungi hewan langka membantu menjaga keanekaragaman hayati.",""
679,"Lingkungan","sedang","Pengikisan pantai oleh gelombang laut disebut apa?","Abrasi","Erosi sungai","Evaporasi","Kondensasi","A","Abrasi adalah pengikisan pantai oleh gelombang laut.",""
680,"Lingkungan","sedang","Pengikisan tanah oleh air hujan disebut apa?","Erosi","Abrasi","Reboisasi","Daur ulang","A","Erosi dapat terjadi ketika air hujan mengikis permukaan tanah.",""
681,"Lingkungan","sulit","Keanekaragaman hayati berarti keragaman apa?","Makhluk hidup","Harga barang","Jenis kendaraan","Bangunan kota","A","Keanekaragaman hayati adalah variasi makhluk hidup pada tingkat gen, spesies, dan ekosistem.",""
682,"Lingkungan","sulit","Habitat adalah apa?","Tempat hidup alami organisme","Alat pengukur suhu","Jenis sampah plastik","Nama gas rumah kaca","A","Habitat adalah tempat hidup alami suatu organisme.",""
683,"Lingkungan","sulit","Spesies endemik berarti apa?","Hanya hidup alami di wilayah tertentu","Selalu hidup di semua benua","Tidak membutuhkan habitat","Selalu hewan peliharaan","A","Spesies endemik memiliki sebaran alami terbatas pada wilayah tertentu.",""
684,"Lingkungan","sulit","Konservasi berarti apa?","Upaya pelestarian dan perlindungan","Kegiatan membuang limbah","Pembakaran hutan","Penggunaan air berlebihan","A","Konservasi adalah upaya melindungi dan melestarikan sumber daya alam.",""
685,"Lingkungan","sulit","Deforestasi berarti apa?","Pengurangan atau penghilangan hutan","Penanaman pohon kembali","Pembuatan taman sekolah","Pengolahan kompos","A","Deforestasi adalah berkurangnya tutupan hutan akibat penebangan atau alih fungsi lahan.",""
686,"Lingkungan","sulit","Eutrofikasi pada perairan sering dipicu oleh kelebihan apa?","Nutrien seperti nitrogen dan fosfor","Oksigen murni","Pasir pantai","Cahaya bulan","A","Eutrofikasi terjadi saat nutrien berlebih memicu pertumbuhan alga secara berlebihan.",""
687,"Lingkungan","sulit","Biodegradable berarti apa?","Dapat terurai secara alami","Tidak pernah rusak","Selalu berbahan logam","Hanya bisa dibakar","A","Biodegradable berarti bahan dapat diuraikan oleh proses alami atau organisme.",""
688,"Lingkungan","sulit","Jejak karbon berkaitan dengan jumlah apa?","Emisi gas rumah kaca","Air minum harian","Kertas buku","Jumlah tanaman saja","A","Jejak karbon menunjukkan perkiraan emisi gas rumah kaca dari aktivitas tertentu.",""
689,"Lingkungan","sulit","Kualitas udara sering dipengaruhi oleh partikel halus yang disebut apa?","PM2.5","H2O","NaCl","DNA","A","PM2.5 adalah partikel halus di udara yang dapat memengaruhi kualitas udara.",""
690,"Lingkungan","sulit","Lapisan ozon membantu melindungi Bumi dari apa?","Radiasi ultraviolet berlebih","Hujan biasa","Angin sepoi-sepoi","Gelombang radio semua","A","Lapisan ozon menyerap sebagian radiasi ultraviolet dari Matahari.",""
691,"Lingkungan","sulit","Hujan asam dapat terjadi karena polusi yang mengandung apa?","Sulfur dioksida dan nitrogen oksida","Oksigen murni","Uap air saja","Gas helium","A","Sulfur dioksida dan nitrogen oksida dapat bereaksi membentuk senyawa penyebab hujan asam.",""
692,"Lingkungan","sulit","IPAL adalah fasilitas untuk mengolah apa?","Air limbah","Udara bersih","Sampah kaca saja","Energi surya","A","IPAL atau Instalasi Pengolahan Air Limbah mengolah air limbah agar lebih aman dibuang.",""
693,"Lingkungan","sulit","Pengelolaan sampah terpadu bertujuan mengurangi apa?","Dampak sampah terhadap lingkungan","Jumlah pohon sehat","Ketersediaan air bersih","Kesadaran warga","A","Pengelolaan sampah terpadu mengurangi dampak negatif sampah terhadap lingkungan.",""
694,"Lingkungan","sulit","Ekosistem mangrove penting karena dapat membantu apa?","Melindungi pantai dari abrasi","Mengeringkan laut","Menghilangkan semua ikan","Membuat udara berasap","A","Mangrove membantu menahan abrasi dan menjadi habitat berbagai organisme.",""
695,"Lingkungan","sulit","Terumbu karang merupakan habitat penting bagi apa?","Banyak biota laut","Hewan gurun","Tanaman padi","Burung hutan saja","A","Terumbu karang menjadi tempat hidup dan berlindung banyak biota laut.",""
696,"Lingkungan","sulit","Limbah B3 berarti limbah yang memiliki sifat apa?","Berbahaya dan beracun","Bersih dan bening","Bisa dimakan","Berwarna biru selalu","A","B3 adalah bahan berbahaya dan beracun yang perlu dikelola secara khusus.",""
697,"Lingkungan","sulit","Kendaraan umum dapat membantu mengurangi apa?","Jumlah kendaraan pribadi di jalan","Jumlah pohon kota","Kualitas udara baik","Tempat duduk","A","Menggunakan transportasi umum dapat mengurangi penggunaan kendaraan pribadi.",""
698,"Lingkungan","sulit","Panel surya mengubah energi matahari menjadi apa?","Energi listrik","Energi suara","Sampah organik","Air laut","A","Panel surya mengubah cahaya matahari menjadi energi listrik.",""
699,"Lingkungan","sulit","Biogas dapat dihasilkan dari penguraian apa?","Bahan organik","Kaca","Logam","Pasir","A","Biogas dihasilkan dari penguraian bahan organik oleh mikroorganisme dalam kondisi tertentu.",""
700,"Lingkungan","sulit","Pertanian berkelanjutan bertujuan menjaga apa?","Produktivitas sekaligus kelestarian lingkungan","Pemborosan pupuk","Kerusakan tanah","Penebangan hutan","A","Pertanian berkelanjutan berusaha memenuhi kebutuhan pangan sambil menjaga lingkungan.",""
701,"Logika","mudah","Jika semua burung memiliki sayap dan merpati adalah burung, maka merpati memiliki apa?","Sayap","Sirip","Roda","Akar","A","Kesimpulan logisnya, merpati memiliki sayap karena termasuk burung.",""
702,"Logika","mudah","Jika hari ini hujan, jalan menjadi basah. Hari ini hujan. Maka jalan menjadi apa?","Basah","Kering","Berlubang selalu","Gelap","A","Berdasarkan pernyataan, hujan menyebabkan jalan basah.",""
703,"Logika","mudah","Jika A lebih besar dari B dan B lebih besar dari C, maka A dibanding C adalah apa?","Lebih besar","Lebih kecil","Sama selalu","Tidak bisa dibandingkan","A","Jika A > B dan B > C, maka A > C.",""
704,"Logika","mudah","Jika lampu menyala saat sakelar ditekan dan sakelar ditekan, maka lampu akan apa?","Menyala","Padam","Pecah","Hilang","A","Kesimpulan mengikuti aturan: sakelar ditekan menyebabkan lampu menyala.",""
705,"Logika","mudah","Urutan angka 2, 4, 6, 8, ... dilanjutkan dengan apa?","10","9","12","16","A","Pola bertambah 2, sehingga angka berikutnya 10.",""
706,"Logika","mudah","Urutan angka 5, 10, 15, 20, ... dilanjutkan dengan apa?","25","30","22","24","A","Pola bertambah 5, sehingga angka berikutnya 25.",""
707,"Logika","mudah","Urutan angka 3, 6, 12, 24, ... dilanjutkan dengan apa?","48","30","36","42","A","Pola dikali 2, sehingga angka berikutnya 48.",""
708,"Logika","mudah","Urutan angka 1, 4, 9, 16, ... dilanjutkan dengan apa?","25","20","24","36","A","Pola adalah bilangan kuadrat: 1, 4, 9, 16, 25.",""
709,"Logika","mudah","Jika semua kotak merah adalah besar dan benda X adalah kotak merah, maka benda X bersifat apa?","Besar","Kecil","Biru","Bulat","A","Karena X termasuk kotak merah, maka X memiliki sifat besar sesuai premis.",""
710,"Logika","mudah","Jika tidak ada ikan yang berjalan di darat dan ikan mas adalah ikan, maka ikan mas tidak apa?","Berjalan di darat","Berenang","Bernapas","Hidup","A","Kesimpulan sesuai premis adalah ikan mas tidak berjalan di darat.",""
711,"Logika","mudah","Kata yang tidak sekelompok: apel, jeruk, mangga, meja adalah apa?","Meja","Apel","Jeruk","Mangga","A","Meja bukan buah, sedangkan apel, jeruk, dan mangga adalah buah.",""
712,"Logika","mudah","Kata yang tidak sekelompok: merah, biru, kursi, hijau adalah apa?","Kursi","Merah","Biru","Hijau","A","Kursi bukan warna, sedangkan merah, biru, dan hijau adalah warna.",""
713,"Logika","mudah","Kata yang tidak sekelompok: kucing, anjing, sapi, sepeda adalah apa?","Sepeda","Kucing","Anjing","Sapi","A","Sepeda bukan hewan, sedangkan kucing, anjing, dan sapi adalah hewan.",""
714,"Logika","mudah","Kata yang tidak sekelompok: Senin, Selasa, Januari, Rabu adalah apa?","Januari","Senin","Selasa","Rabu","A","Januari adalah nama bulan, sedangkan yang lain nama hari.",""
715,"Logika","mudah","Kata yang tidak sekelompok: padi, jagung, televisi, kedelai adalah apa?","Televisi","Padi","Jagung","Kedelai","A","Televisi bukan tanaman pangan, sedangkan yang lain tanaman pangan.",""
716,"Logika","sedang","Jika semua siswa kelas A memakai seragam biru dan Rani siswa kelas A, maka Rani memakai seragam apa?","Biru","Merah","Hijau","Putih","A","Kesimpulan logisnya Rani memakai seragam biru.",""
717,"Logika","sedang","Jika beberapa buku adalah novel dan semua novel adalah bacaan, maka beberapa buku adalah apa?","Bacaan","Makanan","Alat tulis","Mainan","A","Karena beberapa buku adalah novel dan novel termasuk bacaan, maka beberapa buku adalah bacaan.",""
718,"Logika","sedang","Jika semua dokter belajar kesehatan dan Andi adalah dokter, maka Andi belajar apa?","Kesehatan","Pertanian","Arsitektur","Musik","A","Andi termasuk dokter, sehingga mengikuti sifat semua dokter dalam premis.",""
719,"Logika","sedang","Jika tidak ada kucing yang bisa terbang dan Miko adalah kucing, maka Miko tidak bisa apa?","Terbang","Makan","Tidur","Berjalan","A","Kesimpulan dari premis adalah Miko tidak bisa terbang.",""
720,"Logika","sedang","Jika semua persegi adalah bangun datar dan gambar X adalah persegi, maka gambar X adalah apa?","Bangun datar","Bangun ruang","Benda cair","Alat musik","A","Persegi termasuk bangun datar, sehingga gambar X adalah bangun datar.",""
721,"Logika","sedang","Urutan huruf A, C, E, G, ... dilanjutkan dengan apa?","I","H","J","K","A","Pola melompati satu huruf, sehingga setelah G adalah I.",""
722,"Logika","sedang","Urutan huruf B, D, F, H, ... dilanjutkan dengan apa?","J","I","K","L","A","Pola melompati satu huruf, sehingga setelah H adalah J.",""
723,"Logika","sedang","Urutan angka 100, 90, 80, 70, ... dilanjutkan dengan apa?","60","65","50","75","A","Pola berkurang 10, sehingga angka berikutnya 60.",""
724,"Logika","sedang","Urutan angka 1, 2, 4, 8, 16, ... dilanjutkan dengan apa?","32","24","30","36","A","Pola dikali 2, sehingga angka berikutnya 32.",""
725,"Logika","sedang","Urutan angka 81, 27, 9, 3, ... dilanjutkan dengan apa?","1","2","0","6","A","Pola dibagi 3, sehingga setelah 3 adalah 1.",""
726,"Logika","sedang","Jika 2 pensil harganya 4000, maka 1 pensil harganya berapa?","2000","1000","3000","4000","A","Harga satu pensil adalah 4000 dibagi 2, yaitu 2000.",""
727,"Logika","sedang","Jika 3 buku harganya 15000, maka 1 buku harganya berapa?","5000","3000","4500","6000","A","Harga satu buku adalah 15000 dibagi 3, yaitu 5000.",""
728,"Logika","sedang","Jika satu kotak berisi 12 pensil, maka 2 kotak berisi berapa pensil?","24","12","14","20","A","Dua kotak berisi 2 x 12 = 24 pensil.",""
729,"Logika","sedang","Jika satu lusin sama dengan 12, maka 3 lusin sama dengan berapa?","36","24","30","42","A","3 lusin sama dengan 3 x 12 = 36.",""
730,"Logika","sedang","Jika setiap meja memiliki 4 kaki, maka 5 meja memiliki berapa kaki?","20","16","18","24","A","5 meja memiliki 5 x 4 = 20 kaki.",""
731,"Logika","sulit","Jika pernyataan Semua A adalah B benar, maka satu A pasti termasuk apa?","B","Bukan B","C saja","Tidak ada kategori","A","Jika semua A adalah B, maka setiap anggota A pasti termasuk B.",""
732,"Logika","sulit","Jika sebagian A adalah B, kesimpulan yang pasti benar adalah apa?","Ada anggota A yang B","Semua A adalah B","Tidak ada A yang B","Semua B adalah A","A","Sebagian A adalah B berarti minimal ada anggota A yang termasuk B.",""
733,"Logika","sulit","Jika tidak ada A yang B dan X adalah A, maka X pasti apa?","Bukan B","B","Semua B","Tidak dapat menjadi A","A","Karena tidak ada A yang B, X yang merupakan A pasti bukan B.",""
734,"Logika","sulit","Jika A menyebabkan B, dan B menyebabkan C, maka A dapat menyebabkan apa secara tidak langsung?","C","A saja","Tidak ada akibat","Batal","A","A menyebabkan B, lalu B menyebabkan C, jadi A dapat menyebabkan C secara tidak langsung.",""
735,"Logika","sulit","Dalam argumen, pernyataan pendukung yang menjadi dasar kesimpulan disebut apa?","Premis","Ilustrasi","Judul","Catatan kaki","A","Premis adalah pernyataan yang mendukung kesimpulan.",""
736,"Logika","sulit","Dalam argumen, hasil akhir dari penalaran disebut apa?","Kesimpulan","Premis","Contoh","Pertanyaan","A","Kesimpulan adalah pernyataan yang ditarik dari premis.",""
737,"Logika","sulit","Kesalahan penalaran disebut juga apa?","Sesat pikir","Kalimat efektif","Sinonim","Hipotesis benar","A","Sesat pikir adalah kesalahan dalam proses penalaran.",""
738,"Logika","sulit","Menyimpulkan sesuatu dari bukti yang terlalu sedikit disebut apa?","Generalisasi tergesa-gesa","Definisi tepat","Penalaran deduktif valid","Observasi lengkap","A","Generalisasi tergesa-gesa terjadi saat kesimpulan dibuat dari bukti yang belum cukup.",""
739,"Logika","sulit","Pernyataan yang dapat dibuktikan benar atau salah disebut apa?","Fakta","Opini murni","Selera pribadi","Perasaan","A","Fakta dapat diverifikasi dengan bukti.",""
740,"Logika","sulit","Pernyataan berdasarkan pendapat pribadi disebut apa?","Opini","Fakta pasti","Data angka","Bukti fisik","A","Opini adalah pendapat atau penilaian pribadi.",""
741,"Logika","sulit","Jika dua pernyataan saling bertentangan, keduanya tidak mungkin apa pada saat yang sama?","Benar","Ditulis","Dibaca","Dibahas","A","Dua pernyataan kontradiktif tidak dapat sama-sama benar dalam kondisi yang sama.",""
742,"Logika","sulit","Mengecek sumber informasi membantu menentukan apa?","Kredibilitas","Warna halaman","Ukuran font","Jumlah tombol","A","Sumber informasi perlu diperiksa untuk menilai kredibilitas atau kepercayaannya.",""
743,"Logika","sulit","Data yang relevan adalah data yang bagaimana?","Berhubungan dengan pertanyaan atau masalah","Paling panjang selalu","Paling berwarna","Tidak berkaitan","A","Data relevan berkaitan langsung dengan masalah yang dibahas.",""
744,"Logika","sulit","Membandingkan beberapa sumber bertujuan untuk apa?","Memeriksa konsistensi informasi","Memperbanyak rumor","Menghapus bukti","Membuat bingung saja","A","Membandingkan sumber membantu melihat apakah informasi konsisten dan didukung bukti.",""
745,"Logika","sulit","Dalam pemecahan masalah, langkah pertama yang baik adalah apa?","Memahami masalah","Langsung menebak","Mengabaikan data","Menyalin jawaban","A","Memahami masalah membantu menentukan strategi penyelesaian yang tepat.",""
746,"Logika","sulit","Setelah membuat solusi, langkah penting berikutnya adalah apa?","Menguji atau mengevaluasi hasil","Melupakan proses","Menghapus semua catatan","Mengganti masalah","A","Solusi perlu diuji agar diketahui apakah benar-benar menyelesaikan masalah.",""
747,"Logika","sulit","Pola 2, 6, 12, 20, 30, ... memiliki selisih 4, 6, 8, 10, sehingga berikutnya apa?","42","36","40","44","A","Selisih berikutnya 12, maka 30 + 12 = 42.",""
748,"Logika","sulit","Pola 1, 1, 2, 3, 5, 8, ... dilanjutkan dengan apa?","13","11","12","15","A","Pola Fibonacci menjumlahkan dua angka sebelumnya, jadi 5 + 8 = 13.",""
749,"Logika","sulit","Jika semua data benar tetapi cara menarik kesimpulan salah, masalahnya ada pada apa?","Penalaran","Ejaan saja","Warna grafik","Jumlah halaman","A","Data benar tetap dapat menghasilkan kesimpulan salah jika penalarannya keliru.",""
750,"Logika","sulit","Berpikir kritis berarti melakukan apa?","Menilai informasi dengan alasan dan bukti","Menerima semua klaim begitu saja","Menolak semua fakta","Menghafal tanpa paham","A","Berpikir kritis menilai informasi menggunakan alasan, bukti, dan pemeriksaan yang cermat.",""
